{
  "best_hyperparams": {
    "C": 1.0,
    "word_ng_max": 3,
    "char_ng_max": 5,
    "min_df": 3
  },
  "best_threshold": 0.42000000000000004,
  "train": {
    "threshold": 0.42000000000000004,
    "accuracy": 0.8719719266470455,
    "macro_precision": 0.875648489633762,
    "macro_recall": 0.8740191638277025,
    "macro_f1": 0.871926703584064,
    "per_class_precision_[fake,real]": [
      0.9237651672999142,
      0.8275318119676096
    ],
    "per_class_recall_[fake,real]": [
      0.8212923613381279,
      0.9267459663172771
    ],
    "per_class_f1_[fake,real]": [
      0.8695200738347947,
      0.8743333333333333
    ],
    "confusion_matrix_[[tn,fp],[fn,tp]]": [
      [
        7537,
        1640
      ],
      [
        622,
        7869
      ]
    ],
    "roc_auc": 0.9529144673012172,
    "pr_auc": 0.9489039844003255
  },
  "val": {
    "threshold": 0.42000000000000004,
    "accuracy": 0.80370942812983,
    "macro_precision": 0.8075035347256136,
    "macro_recall": 0.8079533950973232,
    "macro_f1": 0.8037042178638157,
    "per_class_precision_[fake,real]": [
      0.8654906284454245,
      0.7495164410058027
    ],
    "per_class_recall_[fake,real]": [
      0.7519157088122606,
      0.8639910813823858
    ],
    "per_class_f1_[fake,real]": [
      0.8047155304971809,
      0.8026929052304506
    ],
    "confusion_matrix_[[tn,fp],[fn,tp]]": [
      [
        785,
        259
      ],
      [
        122,
        775
      ]
    ],
    "roc_auc": 0.8662885437623069,
    "pr_auc": 0.832440260068181
  },
  "test": {
    "threshold": 0.42000000000000004,
    "accuracy": 0.7922077922077922,
    "macro_precision": 0.7939822088206017,
    "macro_recall": 0.7943140364789849,
    "macro_f1": 0.7922010838233599,
    "per_class_precision_[fake,real]": [
      0.83446519524618,
      0.7534992223950233
    ],
    "per_class_recall_[fake,real]": [
      0.7561538461538462,
      0.8324742268041238
    ],
    "per_class_f1_[fake,real]": [
      0.7933817594834544,
      0.7910204081632654
    ],
    "confusion_matrix_[[tn,fp],[fn,tp]]": [
      [
        1966,
        634
      ],
      [
        390,
        1938
      ]
    ],
    "roc_auc": 0.8659566646841131,
    "pr_auc": 0.844469692712678
  },
  "paraphrase_consistency_test": 0.5551020408163265,
  "negation_test_subset": {
    "accuracy": 0.45367717287488063,
    "macro_f1": 0.45022215694194545,
    "roc_auc": 0.43512210325608686,
    "pr_auc": 0.48068083579299314
  }
}